,,GEPIC,GEPIC,GEPIC,GEPIC,LPJmL,LPJmL,LPJmL,LPJmL
,,GFDL-ESM2M,HadGEM2-ES,IPSL-CM5A-LR,MIROC5,GFDL-ESM2M,HadGEM2-ES,IPSL-CM5A-LR,MIROC5
rcp26,mai,0.0004903197353865825,0.0005156489698701943,0.0004796613348534848,0.0005205686490692337,6.810323805712827e-05,7.722482340432045e-05,0.00010577690910816852,7.869593225834728e-05
rcp26,soy,0.001395455877785649,0.0014228734278995344,0.0014009039714613478,0.001421864030040785,0.0016121040320840286,0.0017866792936579038,0.0017071054248525791,0.0017478398210750302
rcp26,ric,0.0011921339813874918,0.0012298463330097662,0.0012023468254337224,0.0012448313571386607,0.0016421879378506479,0.0017991342083244104,0.0017240595960437075,0.0017579479106717387
rcp26,whe,0.0004016650797061663,0.0003992688297798066,0.0004058120784079381,0.0003774902759293824,0.0007410948727616832,0.0007586649164411167,0.0007443194639933774,0.0007537923076687825
rcp26,cas,-,-,-,-,0.0013376377128405223,0.001464260513466669,0.0014286591455161014,0.001460575685958773
rcp26,mil,-,-,-,-,-1.0200478389380626e-05,-4.404963522110981e-06,-6.828155057205244e-06,-9.299843071373372e-06
rcp26,nut,-,-,-,-,0.0018988235616224506,0.0021516201342824818,0.002028948588776881,0.0020712941061748124
rcp26,pea,-,-,-,-,0.0015041482432422576,0.0016420084267498318,0.0015701846499335322,0.0016170434703031472
rcp26,rap,-,-,-,-,0.0007990868463265956,0.0008406794436444326,0.0008307938405773575,0.0008159006300770441
rcp26,sgb,-,-,-,-,0.0013252193565061218,0.0013982957057377546,0.0013505897275581707,0.0013894561332018017
rcp26,sug,-,-,-,-,,,,
rcp26,sun,-,-,-,-,0.0016000717531545815,0.0016782056529230998,0.0015837044206021035,0.001667160121854024
rcp60,mai,0.0004070422173867679,0.0004198028497415892,0.00040638769864252976,0.00041760829270047446,-,-,-,-
rcp60,soy,0.001254980690737734,0.0012747074889875528,0.0012638075561860797,0.001271423314481611,-,-,-,-
rcp60,ric,0.0010745279130709776,0.0011022307581166138,0.001085680749735182,0.0011058900895030296,-,-,-,-
rcp60,whe,0.0003269143133361436,0.0003582960687338351,0.00036264811803389,0.00033460396812450124,-,-,-,-
rcp60,cas,-,-,-,-,-,-,-,-
rcp60,mil,-,-,-,-,-,-,-,-
rcp60,nut,-,-,-,-,-,-,-,-
rcp60,pea,-,-,-,-,-,-,-,-
rcp60,rap,-,-,-,-,-,-,-,-
rcp60,sgb,-,-,-,-,-,-,-,-
rcp60,sug,-,-,-,-,-,-,-,-
rcp60,sun,-,-,-,-,-,-,-,-
