,,GEPIC,GEPIC,GEPIC,GEPIC,LPJmL,LPJmL,LPJmL,LPJmL
,,GFDL-ESM2M,HadGEM2-ES,IPSL-CM5A-LR,MIROC5,GFDL-ESM2M,HadGEM2-ES,IPSL-CM5A-LR,MIROC5
rcp26,mai,0.0005219659244354058,0.0005237052243320762,0.0005235720893883016,0.0005239528690286984,6.00287756061025e-06,1.416606354861502e-06,2.8677822014414507e-06,1.284163551041185e-06
rcp26,soy,0.001119417925960168,0.001124124922163691,0.0011214005089828873,0.0011245067296310662,,,,
rcp26,ric,0.001132610203147416,0.0011404876908352288,0.0011370854221190612,0.0011417840514762476,,,,
rcp26,whe,0.0007487552401342023,0.0007335279760358218,0.0007095263698586436,0.0007235116611021888,0.0006137766910231569,0.0006250564931399959,0.0006228891043325698,0.0006179288055410611
rcp26,cas,-,-,-,-,,,,
rcp26,mil,-,-,-,-,,,,
rcp26,nut,-,-,-,-,,,,
rcp26,pea,-,-,-,-,0.0006899676415570306,0.0007680359711695746,0.0007575941474909001,0.0007364528758593077
rcp26,rap,-,-,-,-,0.0006822212863822287,0.000749819675812561,0.0007437666285774957,0.0007249020688812563
rcp26,sgb,-,-,-,-,0.0006884098043626474,0.0007582244449703323,0.0007516501960038503,0.0007322105163483589
rcp26,sug,-,-,-,-,,,,
rcp26,sun,-,-,-,-,0.001275188065094227,0.0008419039520744219,0.0009178241479207136,0.0009231527256039065
rcp60,mai,0.00041409802417463815,0.0004154383443310144,0.00041559927679552406,0.0004154202438978165,-,-,-,-
rcp60,soy,0.0009752095141281191,0.000977479218936992,0.0009778394462558282,0.0009791808431355378,-,-,-,-
rcp60,ric,0.0010070682715083588,0.001012535638679199,0.0010121374796655384,0.0010148614794909432,-,-,-,-
rcp60,whe,0.0006616074221202496,0.0006586720531258712,0.0006257197580192998,0.0006156066416889703,-,-,-,-
rcp60,cas,-,-,-,-,-,-,-,-
rcp60,mil,-,-,-,-,-,-,-,-
rcp60,nut,-,-,-,-,-,-,-,-
rcp60,pea,-,-,-,-,-,-,-,-
rcp60,rap,-,-,-,-,-,-,-,-
rcp60,sgb,-,-,-,-,-,-,-,-
rcp60,sug,-,-,-,-,-,-,-,-
rcp60,sun,-,-,-,-,-,-,-,-
