,,GEPIC,GEPIC,GEPIC,GEPIC,LPJmL,LPJmL,LPJmL,LPJmL
,,GFDL-ESM2M,HadGEM2-ES,IPSL-CM5A-LR,MIROC5,GFDL-ESM2M,HadGEM2-ES,IPSL-CM5A-LR,MIROC5
rcp26,mai,0.0004560716552646713,0.0004514921211231077,0.0004244179736270881,0.0004533260379875584,-4.5090338661286364e-07,1.2280521623655204e-06,-4.301896064287298e-07,-2.768525387329144e-07
rcp26,soy,0.0011580963329265745,0.0012176036404076167,0.0011737533072555507,0.0012192342272510457,0.0008786285466171682,0.0009928711923127892,0.0009387994931984815,0.0009953276612985316
rcp26,ric,0.0011666723923462892,0.001203415847684277,0.0011739739373908189,0.0012084571522537402,,,,
rcp26,whe,0.0003086510927581032,0.00033830633831889853,0.0003121670067799594,0.00031383586779938654,0.0007165051962797757,0.0007448288239059801,0.0007447675306037971,0.0007516388909801607
rcp26,cas,-,-,-,-,,,,
rcp26,mil,-,-,-,-,,,,
rcp26,nut,-,-,-,-,,,,
rcp26,pea,-,-,-,-,0.0007920939327630774,0.0008949245322548025,0.0008733664086783081,0.0009137624237038265
rcp26,rap,-,-,-,-,0.000806056290143386,0.0009010314080040939,0.000881702253945003,0.0009156139915114218
rcp26,sgb,-,-,-,-,0.0008287167782030231,0.0009401171374082407,0.0009128462617991125,0.000952903491811189
rcp26,sug,-,-,-,-,,,,
rcp26,sun,-,-,-,-,0.0009421419289875739,0.0010586980077859727,0.000983872445117309,0.0010377098727245406
rcp60,mai,0.0003639251992177863,0.00037730515679451664,0.0003441620594183862,0.00036087448329266686,-,-,-,-
rcp60,soy,0.0010266436624213923,0.0010835105221863853,0.0010320321359667854,0.001062895260104145,-,-,-,-
rcp60,ric,0.0010299210746082547,0.0010777863971077946,0.0010443726341057577,0.001068596200778968,-,-,-,-
rcp60,whe,0.00026648859587566473,0.0003057333546290184,0.00028404197927162377,0.0002829189980431241,-,-,-,-
rcp60,cas,-,-,-,-,-,-,-,-
rcp60,mil,-,-,-,-,-,-,-,-
rcp60,nut,-,-,-,-,-,-,-,-
rcp60,pea,-,-,-,-,-,-,-,-
rcp60,rap,-,-,-,-,-,-,-,-
rcp60,sgb,-,-,-,-,-,-,-,-
rcp60,sug,-,-,-,-,-,-,-,-
rcp60,sun,-,-,-,-,-,-,-,-
