,,GEPIC,GEPIC,GEPIC,GEPIC,LPJmL,LPJmL,LPJmL,LPJmL
,,GFDL-ESM2M,HadGEM2-ES,IPSL-CM5A-LR,MIROC5,GFDL-ESM2M,HadGEM2-ES,IPSL-CM5A-LR,MIROC5
rcp26,mai,0.0005298982861731472,0.0005356896543510021,0.0005336462748366681,0.0005365998511181015,,,,
rcp26,soy,0.0011401129081796337,0.0011543817357845296,0.0011471855982396113,0.0011547450057294707,,,,
rcp26,ric,0.001146302128772722,0.0011590166512367509,0.0011519000227686513,0.0011620938380577574,,,,
rcp26,whe,0.0008966932442263675,0.0009100348737373642,0.0008997173393607145,0.0009017123708255431,0.0006149748223206493,0.0006340702499502883,0.0006489788791706159,0.0006453290671642193
rcp26,cas,-,-,-,-,,,,
rcp26,mil,-,-,-,-,,,,
rcp26,nut,-,-,-,-,,,,
rcp26,pea,-,-,-,-,0.0007149703728599567,0.0007645132033133866,0.0007857295717959186,0.0007614236378459845
rcp26,rap,-,-,-,-,0.0006285798604102502,0.0006620301632169013,0.0006756630169929057,0.0006691944583426514
rcp26,sgb,-,-,-,-,,,,
rcp26,sug,-,-,-,-,,,,
rcp26,sun,-,-,-,-,0.0011254311488452682,0.0010309094257373573,0.0009554484131916602,0.0010476467995795449
rcp60,mai,0.00042520220667819524,0.00042843462864710084,0.00042777265491105614,0.0004284696002522164,-,-,-,-
rcp60,soy,0.0010098861925326532,0.001019509898919773,0.001016546523027843,0.0010191349472278843,-,-,-,-
rcp60,ric,0.0010245163573369966,0.0010312863731374892,0.0010260367922464786,0.001031426123773528,-,-,-,-
rcp60,whe,0.0008004648432273846,0.0007960374860199455,0.0007941827632596348,0.0007932425663398876,-,-,-,-
rcp60,cas,-,-,-,-,-,-,-,-
rcp60,mil,-,-,-,-,-,-,-,-
rcp60,nut,-,-,-,-,-,-,-,-
rcp60,pea,-,-,-,-,-,-,-,-
rcp60,rap,-,-,-,-,-,-,-,-
rcp60,sgb,-,-,-,-,-,-,-,-
rcp60,sug,-,-,-,-,-,-,-,-
rcp60,sun,-,-,-,-,-,-,-,-
