,,GEPIC,GEPIC,GEPIC,GEPIC,LPJmL,LPJmL,LPJmL,LPJmL
,,GFDL-ESM2M,HadGEM2-ES,IPSL-CM5A-LR,MIROC5,GFDL-ESM2M,HadGEM2-ES,IPSL-CM5A-LR,MIROC5
rcp26,mai,-0.03051321349928294,0.012638131922081849,0.06334621174065866,0.013101680435392159,0.12059579844268223,0.17568577568490573,0.1129512357345835,-0.018414648472121545
rcp26,soy,0.04554778918156203,0.05793382007495508,0.0676548279727588,-0.03044092872025055,0.14618355102289401,0.19366271996779608,0.09778403072915283,-0.03550384599052058
rcp26,ric,0.049678928004739935,0.09039128551943605,0.12235922473712169,0.006400730717330758,,,,
rcp26,whe,-0.056057016194865666,0.09484948674954104,0.03592133277894192,-0.011718375812008526,-0.058576881397257946,0.0352777154634437,0.05757131260907262,-0.05438407430775678
rcp26,cas,-,-,-,-,,,,
rcp26,mil,-,-,-,-,0.2934588363233911,0.06211958075938514,0.01988004005168099,-0.0047298691767452845
rcp26,nut,-,-,-,-,,,,
rcp26,pea,-,-,-,-,0.21605749813043904,-0.04989026752944707,-0.00968563296169044,0.0165582728292954
rcp26,rap,-,-,-,-,0.16769111247501442,-0.03753276932083596,0.0017471620339709378,0.03755703122918726
rcp26,sgb,-,-,-,-,0.15203936271788399,-0.0395129347617332,0.011539311499486333,0.04752974960169203
rcp26,sug,-,-,-,-,,,,
rcp26,sun,-,-,-,-,0.015104015052433034,0.14456059285468803,0.09958284978991394,-0.04061440617527034
rcp60,mai,0.00915450962019303,-0.01613417021714708,-0.021737098842373348,0.02994418035111212,-,-,-,-
rcp60,soy,0.048080448684011186,-0.014115052766472014,-0.010651130479049652,0.033218095015782274,-,-,-,-
rcp60,ric,-0.013569135950987743,-0.004351277268013869,-0.027426133925929998,0.03658989559580702,-,-,-,-
rcp60,whe,-0.028265216262341616,-0.009363895897145525,-0.01613874108065041,-0.029400374761835317,-,-,-,-
rcp60,cas,-,-,-,-,-,-,-,-
rcp60,mil,-,-,-,-,-,-,-,-
rcp60,nut,-,-,-,-,-,-,-,-
rcp60,pea,-,-,-,-,-,-,-,-
rcp60,rap,-,-,-,-,-,-,-,-
rcp60,sgb,-,-,-,-,-,-,-,-
rcp60,sug,-,-,-,-,-,-,-,-
rcp60,sun,-,-,-,-,-,-,-,-
