,,GEPIC,GEPIC,GEPIC,GEPIC,LPJmL,LPJmL,LPJmL,LPJmL
,,GFDL-ESM2M,HadGEM2-ES,IPSL-CM5A-LR,MIROC5,GFDL-ESM2M,HadGEM2-ES,IPSL-CM5A-LR,MIROC5
rcp26,mai,0.1207372138217229,0.03760294392877361,-0.008020831464821026,0.011076820152332148,0.21423809059385177,0.4067538312875866,0.11845996241835496,0.0011296866316642786
rcp26,soy,0.22309436737815316,0.10139810466264777,0.02420260823843757,0.023201798462611875,0.056901415641517315,0.45869874908032865,0.2353800505968576,0.08101071996881384
rcp26,ric,0.04679989924172577,0.36698375662507826,0.09326846924183135,0.01835631804016649,,,,
rcp26,whe,0.1462701727244409,0.20220584737832065,0.0298304566905142,-0.050589746825086754,0.1654092159684557,0.02790576023532145,-0.03584655823576834,-0.10554784826083875
rcp26,cas,-,-,-,-,,,,
rcp26,mil,-,-,-,-,0.18412833948767468,0.005744612302970763,-0.02561185710749397,0.006633111147506667
rcp26,nut,-,-,-,-,,,,
rcp26,pea,-,-,-,-,0.6241479618189285,0.02053011855075125,0.012258574874954232,0.014716819898430118
rcp26,rap,-,-,-,-,0.45197922340691515,0.02497782259803738,0.0384939233925674,0.03848354632710403
rcp26,sgb,-,-,-,-,0.7049013159045052,0.22342721642655172,0.22848919508996549,0.10141989259864118
rcp26,sug,-,-,-,-,,,,
rcp26,sun,-,-,-,-,0.3188975084156122,0.3510329109452866,0.13031701463480783,0.010476989774850332
rcp60,mai,0.03554770373232829,-0.019460008887256987,-0.0024315958170801756,0.02031236273021722,-,-,-,-
rcp60,soy,0.0656218639988961,0.012173819384741519,0.02774616077479415,0.0698680637198919,-,-,-,-
rcp60,ric,0.17442560622053835,0.13789272900135863,0.13802865176378912,0.24402633773493984,-,-,-,-
rcp60,whe,-0.0029321435452025076,0.015859936979398154,-0.00907398743391461,0.01828045116051137,-,-,-,-
rcp60,cas,-,-,-,-,-,-,-,-
rcp60,mil,-,-,-,-,-,-,-,-
rcp60,nut,-,-,-,-,-,-,-,-
rcp60,pea,-,-,-,-,-,-,-,-
rcp60,rap,-,-,-,-,-,-,-,-
rcp60,sgb,-,-,-,-,-,-,-,-
rcp60,sug,-,-,-,-,-,-,-,-
rcp60,sun,-,-,-,-,-,-,-,-
