,,GEPIC,GEPIC,GEPIC,GEPIC,LPJmL,LPJmL,LPJmL,LPJmL
,,GFDL-ESM2M,HadGEM2-ES,IPSL-CM5A-LR,MIROC5,GFDL-ESM2M,HadGEM2-ES,IPSL-CM5A-LR,MIROC5
rcp26,mai,-0.009334091264259716,0.04421211105174144,0.05267216164064301,0.030098534794232152,0.03423642829749457,0.1459856634308224,0.10273457793264722,-0.03900759962344964
rcp26,soy,0.0863427891809028,0.0573945970374063,0.04980174498520145,0.020288540840237474,0.1763202031780083,0.21175584380784152,0.12759429518739152,-0.019056380228186405
rcp26,ric,0.026726608445425647,0.08518344498164505,0.16420175494928294,0.003126183247365049,,,,
rcp26,whe,-0.00966233751619221,0.13871016677558817,0.0731148087447841,0.023385011331896122,0.05830858973780592,0.08731134838796957,0.05760438170945013,0.018608645779345102
rcp26,cas,-,-,-,-,,,,
rcp26,mil,-,-,-,-,0.2506617329327493,0.15109771645927972,0.06597258461570833,0.06100101165814433
rcp26,nut,-,-,-,-,,,,
rcp26,pea,-,-,-,-,0.22680658850865712,0.02691556454055497,-0.02904539130115425,0.0471941616264164
rcp26,rap,-,-,-,-,0.025122097909861554,0.10784103591263687,0.04924676268172744,-0.024643515077913614
rcp26,sgb,-,-,-,-,0.018016843936279954,0.02268456400706266,-0.006104358548966293,0.07260487440587411
rcp26,sug,-,-,-,-,,,,
rcp26,sun,-,-,-,-,0.07481282611905017,0.1480965397113675,0.1269298755651802,-0.05764655768495373
rcp60,mai,0.013572371807226282,-0.025239329007033948,-0.00936494810770427,0.017073523399383388,-,-,-,-
rcp60,soy,0.026877833535908578,-0.02372689183781621,-0.005597616197379078,0.02071199004394036,-,-,-,-
rcp60,ric,-0.04638182725858091,-0.004630489365290968,-0.02175433979703091,0.02173629121253726,-,-,-,-
rcp60,whe,0.05896256288656671,0.00871369708272868,-0.030306076214686718,0.014071202517764142,-,-,-,-
rcp60,cas,-,-,-,-,-,-,-,-
rcp60,mil,-,-,-,-,-,-,-,-
rcp60,nut,-,-,-,-,-,-,-,-
rcp60,pea,-,-,-,-,-,-,-,-
rcp60,rap,-,-,-,-,-,-,-,-
rcp60,sgb,-,-,-,-,-,-,-,-
rcp60,sug,-,-,-,-,-,-,-,-
rcp60,sun,-,-,-,-,-,-,-,-
