,,GEPIC,GEPIC,GEPIC,GEPIC,LPJmL,LPJmL,LPJmL,LPJmL
,,GFDL-ESM2M,HadGEM2-ES,IPSL-CM5A-LR,MIROC5,GFDL-ESM2M,HadGEM2-ES,IPSL-CM5A-LR,MIROC5
rcp26,mai,0.03288674195684594,0.1424800410989151,0.09498137408177512,-0.00898918702133946,-0.10006566233214692,0.16340202549629695,0.14518977907445685,-0.07040892836432423
rcp26,soy,0.06640488011812626,0.111936056070894,0.11203829859133159,-0.00892979400287113,-0.04017772300116693,0.42461967846704857,0.2413953997872885,-0.015852104538879093
rcp26,ric,0.06574863297071397,0.08682993915044389,0.14302833534507167,0.029464037500315857,,,,
rcp26,whe,-0.024033252903377125,0.12969692904971955,0.021369743499217934,0.005706445181940174,0.09407983853671399,0.11038423855662655,0.025594062013173362,-0.015885190326515416
rcp26,cas,-,-,-,-,,,,
rcp26,mil,-,-,-,-,,,,
rcp26,nut,-,-,-,-,,,,
rcp26,pea,-,-,-,-,0.07501573592431335,0.06264977196613178,-0.02523981529231576,0.008439972651995158
rcp26,rap,-,-,-,-,0.10417247411178207,0.11486313239123352,0.013245157554457623,0.007482335709432765
rcp26,sgb,-,-,-,-,0.24386903737715207,0.08395057482710197,-0.007524749896022133,0.04501101466444018
rcp26,sug,-,-,-,-,,,,
rcp26,sun,-,-,-,-,-0.26441469778356824,0.2018391101194846,0.19248625972104308,-0.05475183117568444
rcp60,mai,0.03033208611044509,0.013647154967694447,-0.013670747091031103,0.011295317995100923,-,-,-,-
rcp60,soy,0.03189848419485489,-0.0021486207144530717,-0.017835882154466194,-0.0034172936679262925,-,-,-,-
rcp60,ric,0.011377182529722968,-0.024328087205062576,-0.02489498980330886,0.02583130515370146,-,-,-,-
rcp60,whe,0.05225721067383358,0.008754514917534014,-0.02400894648293444,0.03830741372619077,-,-,-,-
rcp60,cas,-,-,-,-,-,-,-,-
rcp60,mil,-,-,-,-,-,-,-,-
rcp60,nut,-,-,-,-,-,-,-,-
rcp60,pea,-,-,-,-,-,-,-,-
rcp60,rap,-,-,-,-,-,-,-,-
rcp60,sgb,-,-,-,-,-,-,-,-
rcp60,sug,-,-,-,-,-,-,-,-
rcp60,sun,-,-,-,-,-,-,-,-
