,,GEPIC,GEPIC,GEPIC,GEPIC,LPJmL,LPJmL,LPJmL,LPJmL
,,GFDL-ESM2M,HadGEM2-ES,IPSL-CM5A-LR,MIROC5,GFDL-ESM2M,HadGEM2-ES,IPSL-CM5A-LR,MIROC5
rcp26,mai,0.009476852286168772,0.01692723916067457,0.0015630005779158165,0.03363758527457671,-0.16520470811681706,0.051787679732698245,0.011739186058386373,0.023686025793032882
rcp26,soy,-0.04460615015259022,0.04020560148001591,0.003759577836897353,0.05535001680527579,0.024394177076428592,0.2588664124768504,0.09276967960291087,0.08588563542062153
rcp26,ric,-0.12493641485676092,0.1389474762761317,-0.045003128313449554,0.0583287083370538,,,,
rcp26,whe,-0.04145060963855378,0.0850278206701904,0.004083231394873543,0.08913694282133,-1.9782415170749124,-0.9945492174937288,-0.9338058160520134,0.924013237513209
rcp26,cas,-,-,-,-,,,,
rcp26,mil,-,-,-,-,,,,
rcp26,nut,-,-,-,-,,,,
rcp26,pea,-,-,-,-,0.11191812576008627,-0.022333647237112158,-0.08451664899544212,0.017392101760772168
rcp26,rap,-,-,-,-,0.11798594673543916,-0.014733987782569978,-0.065565843183978,-0.010270262675153907
rcp26,sgb,-,-,-,-,0.16475335304323332,-0.012227382133935179,-0.08610883458683437,-0.004272450843243183
rcp26,sug,-,-,-,-,,,,
rcp26,sun,-,-,-,-,-0.309481274311838,0.04572393304879428,0.010517796593431194,0.026795466056519657
rcp60,mai,0.013903389014458763,-0.0214508399172548,-0.0014367458708745436,0.003128775195680076,-,-,-,-
rcp60,soy,0.0979622591737118,-0.019311214894303635,0.010445858444572262,0.0028635135767713614,-,-,-,-
rcp60,ric,-0.009407428016928543,-0.010549962748711351,-0.014173944311718431,0.002949471249807186,-,-,-,-
rcp60,whe,0.03036336099303909,0.0025407940716118864,0.0326253127498686,0.06465923254316534,-,-,-,-
rcp60,cas,-,-,-,-,-,-,-,-
rcp60,mil,-,-,-,-,-,-,-,-
rcp60,nut,-,-,-,-,-,-,-,-
rcp60,pea,-,-,-,-,-,-,-,-
rcp60,rap,-,-,-,-,-,-,-,-
rcp60,sgb,-,-,-,-,-,-,-,-
rcp60,sug,-,-,-,-,-,-,-,-
rcp60,sun,-,-,-,-,-,-,-,-
