,,GEPIC,GEPIC,GEPIC,GEPIC,LPJmL,LPJmL,LPJmL,LPJmL
,,GFDL-ESM2M,HadGEM2-ES,IPSL-CM5A-LR,MIROC5,GFDL-ESM2M,HadGEM2-ES,IPSL-CM5A-LR,MIROC5
rcp26,mai,0.03554559992703952,0.016833315063161196,0.016569681401920864,0.01030378802820828,-0.13541065610172573,0.0794328630296024,0.015817615603313004,0.03111706568095257
rcp26,soy,-0.026154595946111976,0.047029876712320076,0.01757434062936024,0.045589997726697064,-0.24913204684961585,0.37756763443373687,0.20767704329050163,0.20024032143916298
rcp26,ric,-0.04428989292072857,0.1391472604412263,-0.050767093246738226,0.04771109768198306,,,,
rcp26,whe,0.02265341463102766,0.13042926135020616,0.003826202447061677,0.053516650267781365,-1.4255599989636076,-0.2175089792115641,-0.49919981320574897,0.5085091116060616
rcp26,cas,-,-,-,-,,,,
rcp26,mil,-,-,-,-,,,,
rcp26,nut,-,-,-,-,,,,
rcp26,pea,-,-,-,-,0.10283249227856057,-0.03836760485988325,-0.01816764294489188,-0.009611062980661795
rcp26,rap,-,-,-,-,0.0953619733904481,-0.02851442069170205,-0.03707850211827109,-0.03659475687098069
rcp26,sgb,-,-,-,-,0.12934310900895826,-0.029168212746184304,-0.02007675437498086,-0.031306315869021155
rcp26,sug,-,-,-,-,,,,
rcp26,sun,-,-,-,-,-0.25757515357929744,0.1143666034791949,0.016903269701758428,0.04880474117608896
rcp60,mai,0.03057810750556637,-0.009979439810452727,-0.004599222167934749,-0.008927056376747103,-,-,-,-
rcp60,soy,0.06988484672287404,-0.012146739603930473,0.007367019628030112,-0.004092908389068475,-,-,-,-
rcp60,ric,0.005928540134891377,-0.014369753946376391,-0.01844767702889546,0.0017912102254754752,-,-,-,-
rcp60,whe,0.020543756420127117,0.0023338427049791393,0.019379794815252756,0.05677576571361653,-,-,-,-
rcp60,cas,-,-,-,-,-,-,-,-
rcp60,mil,-,-,-,-,-,-,-,-
rcp60,nut,-,-,-,-,-,-,-,-
rcp60,pea,-,-,-,-,-,-,-,-
rcp60,rap,-,-,-,-,-,-,-,-
rcp60,sgb,-,-,-,-,-,-,-,-
rcp60,sug,-,-,-,-,-,-,-,-
rcp60,sun,-,-,-,-,-,-,-,-
