,,GEPIC,GEPIC,GEPIC,GEPIC,LPJmL,LPJmL,LPJmL,LPJmL
,,GFDL-ESM2M,HadGEM2-ES,IPSL-CM5A-LR,MIROC5,GFDL-ESM2M,HadGEM2-ES,IPSL-CM5A-LR,MIROC5
rcp26,mai,-0.008324737703104119,0.0812288565255035,0.084110704705237,-0.004730873805185724,0.05091674286889858,0.2253951702081584,0.1618970406065253,-0.058652300377704886
rcp26,soy,0.04954592404381424,0.08441433580352639,0.09335913929545508,-0.035486039325030104,0.12222432601262892,0.29948690706955017,0.14949428548869959,-0.051549075229001484
rcp26,ric,0.09546327013304408,0.08539879861461117,0.24492308251293987,0.07063467957986642,,,,
rcp26,whe,-0.03531156190442335,0.07116009210617252,0.016087724249661057,-0.003289238024749676,-0.05595324499487709,-0.019046736109807814,0.06111653814849067,0.007584895305044942
rcp26,cas,-,-,-,-,,,,
rcp26,mil,-,-,-,-,,,,
rcp26,nut,-,-,-,-,,,,
rcp26,pea,-,-,-,-,0.07020571673858159,-0.0018249950080096702,0.005329422858952401,0.03448423305630209
rcp26,rap,-,-,-,-,0.11381011377833976,-0.01612503117490625,0.01663311380102674,0.05632296517908917
rcp26,sgb,-,-,-,-,0.10150349956294238,0.0023960160054926237,0.029273294849584183,0.06858459937925296
rcp26,sug,-,-,-,-,,,,
rcp26,sun,-,-,-,-,-0.033264115139568694,0.2787233516496123,0.1470768342223182,-0.06699058369989008
rcp60,mai,0.016461023015306664,0.0058528349465598985,-0.01636548962828553,0.0363970465732792,-,-,-,-
rcp60,soy,0.06338845035389933,-0.00017043313652597032,-0.014108940100358357,0.04152620154914745,-,-,-,-
rcp60,ric,-0.06104650292901273,0.006658582179209857,-0.04281066593056876,0.015235609829259356,-,-,-,-
rcp60,whe,-0.022851627328823274,-0.02014900653855209,-0.03604367269040503,-0.04333201283918453,-,-,-,-
rcp60,cas,-,-,-,-,-,-,-,-
rcp60,mil,-,-,-,-,-,-,-,-
rcp60,nut,-,-,-,-,-,-,-,-
rcp60,pea,-,-,-,-,-,-,-,-
rcp60,rap,-,-,-,-,-,-,-,-
rcp60,sgb,-,-,-,-,-,-,-,-
rcp60,sug,-,-,-,-,-,-,-,-
rcp60,sun,-,-,-,-,-,-,-,-
