,,GEPIC,GEPIC,GEPIC,GEPIC,LPJmL,LPJmL,LPJmL,LPJmL
,,GFDL-ESM2M,HadGEM2-ES,IPSL-CM5A-LR,MIROC5,GFDL-ESM2M,HadGEM2-ES,IPSL-CM5A-LR,MIROC5
rcp26,mai,0.08729798740459764,0.05808332963565831,0.12380804620220892,0.03429256200774246,-0.08924993291260758,0.14477866020586289,0.08635891878693139,-0.058486214780596804
rcp26,soy,-0.12060284012283241,0.2996416632519401,0.29762380466153765,0.10088190318082617,0.15151901301511103,0.3855618390720257,0.18530292016953762,-0.0043200926456626165
rcp26,ric,-0.007253222759198691,0.2203105781650754,0.23612534124140172,0.10889517121946535,,,,
rcp26,whe,0.08199030082031418,0.08720280676700445,0.018765172207146307,-0.002802055488442789,-0.04266972980372815,-0.03008599033187583,-0.01283592990387102,-0.09094506700373188
rcp26,cas,-,-,-,-,,,,
rcp26,mil,-,-,-,-,,,,
rcp26,nut,-,-,-,-,,,,
rcp26,pea,-,-,-,-,0.11305375586240658,0.015379378066181358,0.01882683579743583,-0.005543594466772113
rcp26,rap,-,-,-,-,0.1256170931064147,-0.014633500606464265,-0.01772379364903139,-0.02208463586230306
rcp26,sgb,-,-,-,-,0.33760357549031267,0.01912002568636059,-0.02479619591002284,-0.011559075063230954
rcp26,sug,-,-,-,-,,,,
rcp26,sun,-,-,-,-,-0.28359778297584276,0.3538151646395754,0.2711203479684909,-0.011550387510130818
rcp60,mai,0.06067832465135365,-0.0010879579285085052,0.008885905815669152,0.006175523872619883,-,-,-,-
rcp60,soy,0.17464554409677005,0.07375979729776021,0.09415680817868263,0.07129680737057502,-,-,-,-
rcp60,ric,0.14716310592340276,0.05599283144064742,0.07892413198506104,0.08918844059770269,-,-,-,-
rcp60,whe,-0.012483183902210966,-0.019975669115182147,-0.05216788998143279,-0.025175672440490984,-,-,-,-
rcp60,cas,-,-,-,-,-,-,-,-
rcp60,mil,-,-,-,-,-,-,-,-
rcp60,nut,-,-,-,-,-,-,-,-
rcp60,pea,-,-,-,-,-,-,-,-
rcp60,rap,-,-,-,-,-,-,-,-
rcp60,sgb,-,-,-,-,-,-,-,-
rcp60,sug,-,-,-,-,-,-,-,-
rcp60,sun,-,-,-,-,-,-,-,-
